FCUserRun1_1,Test@12345,NOT_FOUND(token),NOT_FOUND(message),NOT_FOUND(availablePts)
FCUserRun1_1,Test@12345,eyJhbGciOiJIUzI1NiIsInR5cCI6IkpXVCJ9.eyJfaWQiOiI2Njk3YzBjMGUzNTM4NTdiMzhhMjExYTQiLCJsb2dJZCI6IjY2OTdjMGMwZTM1Mzg1N2IzOGEyMTFhMiIsInNlclR5cGUiOiJ1c2VyIiwiaWF0IjoxNzQyODQ0MjM2fQ.fril-3Q3uFFkb3WNDY--x63Q704gHe9zONgmz5r1vJM,Logged In Successfully,942.8199999999999
FCUserRun1_2,Test@12345,eyJhbGciOiJIUzI1NiIsInR5cCI6IkpXVCJ9.eyJfaWQiOiI2Njk3YzBjMWUzNTM4NTdiMzhhMjExZTIiLCJsb2dJZCI6IjY2OTdjMGMxZTM1Mzg1N2IzOGEyMTFlMCIsInNlclR5cGUiOiJ1c2VyIiwiaWF0IjoxNzQyODQ0MjM3fQ.F0MoF3VCGHslWC68fUH514CWK8-yqpvKyyzPwmdSfOQ,Logged In Successfully,787.3599999999998
FCUserRun1_3,Test@12345,eyJhbGciOiJIUzI1NiIsInR5cCI6IkpXVCJ9.eyJfaWQiOiI2Njk3YzBjMWUzNTM4NTdiMzhhMjEyMGEiLCJsb2dJZCI6IjY2OTdjMGMxZTM1Mzg1N2IzOGEyMTIwOCIsInNlclR5cGUiOiJ1c2VyIiwiaWF0IjoxNzQyODQ0MjM3fQ.PIu10E0Mvalfl9RAhrcYiaPlifJtYOiMbMopR68rp5o,Logged In Successfully,787.92
FCUserRun1_4,Test@12345,eyJhbGciOiJIUzI1NiIsInR5cCI6IkpXVCJ9.eyJfaWQiOiI2Njk3YzBjMWUzNTM4NTdiMzhhMjEyNWIiLCJsb2dJZCI6IjY2OTdjMGMxZTM1Mzg1N2IzOGEyMTI1OSIsInNlclR5cGUiOiJ1c2VyIiwiaWF0IjoxNzQyODQ0MjM3fQ.biX_sAhV_fNEpPssRi2G-MXQuqMhWn26bcNMEAwNJPw,Logged In Successfully,787.3799999999999
FCUserRun1_5,Test@12345,eyJhbGciOiJIUzI1NiIsInR5cCI6IkpXVCJ9.eyJfaWQiOiI2Njk3YzBjMmUzNTM4NTdiMzhhMjEyODQiLCJsb2dJZCI6IjY2OTdjMGMyZTM1Mzg1N2IzOGEyMTI4MiIsInNlclR5cGUiOiJ1c2VyIiwiaWF0IjoxNzQyODQ0MjM3fQ.s4MvjVggk_rR7ZCdQSNkGTdFJLPCiZBMhTx4StLvM-I,Logged In Successfully,791.9999999999999
FCUserRun1_7,Test@12345,eyJhbGciOiJIUzI1NiIsInR5cCI6IkpXVCJ9.eyJfaWQiOiI2Njk3YzBjMmUzNTM4NTdiMzhhMjEyZGYiLCJsb2dJZCI6IjY2OTdjMGMyZTM1Mzg1N2IzOGEyMTJkZCIsInNlclR5cGUiOiJ1c2VyIiwiaWF0IjoxNzQyODQ0MjM3fQ.hGXd6tqUbbDOLCXuKZT6PRMt3500Ubo4XlCHkk9bS6c,Logged In Successfully,779.0199999999999
FCUserRun1_8,Test@12345,eyJhbGciOiJIUzI1NiIsInR5cCI6IkpXVCJ9.eyJfaWQiOiI2Njk3YzBjMmUzNTM4NTdiMzhhMjEzMzkiLCJsb2dJZCI6IjY2OTdjMGMyZTM1Mzg1N2IzOGEyMTMzMyIsInNlclR5cGUiOiJ1c2VyIiwiaWF0IjoxNzQyODQ0MjM3fQ.QdXkFj6ZNxlr14I-X2KMZqamTpfZYoK4vSBVDo_y24A,Logged In Successfully,769.4199999999998
FCUserRun1_6,Test@12345,eyJhbGciOiJIUzI1NiIsInR5cCI6IkpXVCJ9.eyJfaWQiOiI2Njk3YzBjMmUzNTM4NTdiMzhhMjEyZmIiLCJsb2dJZCI6IjY2OTdjMGMyZTM1Mzg1N2IzOGEyMTJmNSIsInNlclR5cGUiOiJ1c2VyIiwiaWF0IjoxNzQyODQ0MjM4fQ.yBimTKYwAY5JkTL6JAqaqFXaSR7vXJleEEZqQTmj2b4,Logged In Successfully,783.4399999999998
FCUserRun1_9,Test@12345,eyJhbGciOiJIUzI1NiIsInR5cCI6IkpXVCJ9.eyJfaWQiOiI2Njk3YzBjM2UzNTM4NTdiMzhhMjEzOTIiLCJsb2dJZCI6IjY2OTdjMGMzZTM1Mzg1N2IzOGEyMTM4MiIsInNlclR5cGUiOiJ1c2VyIiwiaWF0IjoxNzQyODQ0MjM4fQ.C5L65lYTGlK5r_-Q6ggMhQ3U2DK6M_cy-ZoADmmynzE,Logged In Successfully,809.0199999999999
FCUserRun1_10,Test@12345,eyJhbGciOiJIUzI1NiIsInR5cCI6IkpXVCJ9.eyJfaWQiOiI2Njk3YzBjM2UzNTM4NTdiMzhhMjEzYzMiLCJsb2dJZCI6IjY2OTdjMGMzZTM1Mzg1N2IzOGEyMTNjMCIsInNlclR5cGUiOiJ1c2VyIiwiaWF0IjoxNzQyODQ0MjM4fQ.s1OJKoH0Z5qAwm4-QcSnfnVdYBN6e_jJYnEp-IJ_Q4Y,Logged In Successfully,769.4599999999999
FCUserRun1_11,Test@12345,eyJhbGciOiJIUzI1NiIsInR5cCI6IkpXVCJ9.eyJfaWQiOiI2Njk3YzBjM2UzNTM4NTdiMzhhMjEzYmIiLCJsb2dJZCI6IjY2OTdjMGMzZTM1Mzg1N2IzOGEyMTNiNiIsInNlclR5cGUiOiJ1c2VyIiwiaWF0IjoxNzQyODQ0MjM4fQ.YwOIoKt3ut2mxctfHj65-ylsxmDPJN4UvbC7JnGjU04,Logged In Successfully,847.96
FCUserRun1_12,Test@12345,eyJhbGciOiJIUzI1NiIsInR5cCI6IkpXVCJ9.eyJfaWQiOiI2Njk3YzBjM2UzNTM4NTdiMzhhMjE0MGEiLCJsb2dJZCI6IjY2OTdjMGMzZTM1Mzg1N2IzOGEyMTQwOCIsInNlclR5cGUiOiJ1c2VyIiwiaWF0IjoxNzQyODQ0MjM4fQ.4XI8bvMU3xxKHyuc-dCXf6RB6NUo079zZc9ZAuv2aMA,Logged In Successfully,761.4
FCUserRun1_13,Test@12345,eyJhbGciOiJIUzI1NiIsInR5cCI6IkpXVCJ9.eyJfaWQiOiI2Njk3YzBjNGUzNTM4NTdiMzhhMjE0OGMiLCJsb2dJZCI6IjY2OTdjMGM0ZTM1Mzg1N2IzOGEyMTQ4NyIsInNlclR5cGUiOiJ1c2VyIiwiaWF0IjoxNzQyODQ0MjM4fQ.orWusS33zRzc2U-ChS7-1ZsU2HYwHb-Ge2f-qksOLbc,Logged In Successfully,782.9399999999998
FCUserRun1_14,Test@12345,eyJhbGciOiJIUzI1NiIsInR5cCI6IkpXVCJ9.eyJfaWQiOiI2Njk3YzBjNGUzNTM4NTdiMzhhMjE0YjgiLCJsb2dJZCI6IjY2OTdjMGM0ZTM1Mzg1N2IzOGEyMTRiMyIsInNlclR5cGUiOiJ1c2VyIiwiaWF0IjoxNzQyODQ0MjM4fQ.fgOq3Sn6ZE84354NGuTo6ZqsPYoTxH_uq0e9TOs1_Ps,Logged In Successfully,772.38
FCUserRun1_15,Test@12345,eyJhbGciOiJIUzI1NiIsInR5cCI6IkpXVCJ9.eyJfaWQiOiI2Njk3YzBjNGUzNTM4NTdiMzhhMjE0Y2UiLCJsb2dJZCI6IjY2OTdjMGM0ZTM1Mzg1N2IzOGEyMTRjMyIsInNlclR5cGUiOiJ1c2VyIiwiaWF0IjoxNzQyODQ0MjM4fQ.xzqBFtR3YSddgWo5M8d-UWRcm2UgNz9mztfLSHuzffU,Logged In Successfully,803.02
FCUserRun1_16,Test@12345,eyJhbGciOiJIUzI1NiIsInR5cCI6IkpXVCJ9.eyJfaWQiOiI2Njk3YzBjNGUzNTM4NTdiMzhhMjE0ZTEiLCJsb2dJZCI6IjY2OTdjMGM0ZTM1Mzg1N2IzOGEyMTRkNiIsInNlclR5cGUiOiJ1c2VyIiwiaWF0IjoxNzQyODQ0MjM4fQ.WuMhSt58PrTlwo1sRm8zaSxmla0H63T3bOVxu7FJJqo,Logged In Successfully,789.42
FCUserRun1_17,Test@12345,eyJhbGciOiJIUzI1NiIsInR5cCI6IkpXVCJ9.eyJfaWQiOiI2Njk3YzBjNWUzNTM4NTdiMzhhMjE1MjEiLCJsb2dJZCI6IjY2OTdjMGM1ZTM1Mzg1N2IzOGEyMTUxYiIsInNlclR5cGUiOiJ1c2VyIiwiaWF0IjoxNzQyODQ0MjM4fQ.9S8Mgv6j-Kp7bxZ-SQOg4vbfb-akq0NrgH7V5U1RgfY,Logged In Successfully,798.02
FCUserRun1_19,Test@12345,eyJhbGciOiJIUzI1NiIsInR5cCI6IkpXVCJ9.eyJfaWQiOiI2Njk3YzBjNmUzNTM4NTdiMzhhMjE1ZWQiLCJsb2dJZCI6IjY2OTdjMGM2ZTM1Mzg1N2IzOGEyMTVlYiIsInNlclR5cGUiOiJ1c2VyIiwiaWF0IjoxNzQyODQ0MjM4fQ.XIFJqNx86idgXMaf2HNu5cw2hveUb7l0kG0Eo2ZYVtI,Logged In Successfully,783.02
FCUserRun1_20,Test@12345,eyJhbGciOiJIUzI1NiIsInR5cCI6IkpXVCJ9.eyJfaWQiOiI2Njk3YzBjNmUzNTM4NTdiMzhhMjE2MTMiLCJsb2dJZCI6IjY2OTdjMGM2ZTM1Mzg1N2IzOGEyMTYwNyIsInNlclR5cGUiOiJ1c2VyIiwiaWF0IjoxNzQyODQ0MjM4fQ.nJKvBwGxG0FN9UYIW-qrV2Fdj59VaYJeptQoraVfAzI,Logged In Successfully,757.42
FCUserRun1_21,Test@12345,eyJhbGciOiJIUzI1NiIsInR5cCI6IkpXVCJ9.eyJfaWQiOiI2Njk3YzBjNmUzNTM4NTdiMzhhMjE2MGUiLCJsb2dJZCI6IjY2OTdjMGM2ZTM1Mzg1N2IzOGEyMTYwNSIsInNlclR5cGUiOiJ1c2VyIiwiaWF0IjoxNzQyODQ0MjM4fQ.Uv856pPPpqoXZtrS9WG4p8XGSmHNAdachNFxLtbcOiw,Logged In Successfully,747.42
FCUserRun1_18,Test@12345,eyJhbGciOiJIUzI1NiIsInR5cCI6IkpXVCJ9.eyJfaWQiOiI2Njk3YzBjNWUzNTM4NTdiMzhhMjE1YjkiLCJsb2dJZCI6IjY2OTdjMGM1ZTM1Mzg1N2IzOGEyMTViNyIsInNlclR5cGUiOiJ1c2VyIiwiaWF0IjoxNzQyODQ0MjM4fQ.EcMdU8NKnRmoGI6K2AkDyRf8sOyEaGa5JH3fnhOxw-Q,Logged In Successfully,780.3799999999999
FCUserRun1_22,Test@12345,eyJhbGciOiJIUzI1NiIsInR5cCI6IkpXVCJ9.eyJfaWQiOiI2Njk3YzBjNmUzNTM4NTdiMzhhMjE2MWQiLCJsb2dJZCI6IjY2OTdjMGM2ZTM1Mzg1N2IzOGEyMTYxOCIsInNlclR5cGUiOiJ1c2VyIiwiaWF0IjoxNzQyODQ0MjM5fQ.nYGFSoE2_uv98O-3JR6Rrb4ulSDS4ewenomXEWeA0hs,Logged In Successfully,778.42
FCUserRun1_23,Test@12345,eyJhbGciOiJIUzI1NiIsInR5cCI6IkpXVCJ9.eyJfaWQiOiI2Njk3YzQzNWUzNTM4NTdiMzhhMzAyMGYiLCJsb2dJZCI6IjY2OTdjNDM1ZTM1Mzg1N2IzOGEzMDIwZCIsInNlclR5cGUiOiJ1c2VyIiwiaWF0IjoxNzQyODQ0MjM5fQ.2xlOANSDHJ33_Ysg9Ny8W3XPRSS09qlST2Ff846IvTs,Logged In Successfully,766.42
FCUserRun1_24,Test@12345,eyJhbGciOiJIUzI1NiIsInR5cCI6IkpXVCJ9.eyJfaWQiOiI2Njk3YzBjN2UzNTM4NTdiMzhhMjE2ZWMiLCJsb2dJZCI6IjY2OTdjMGM3ZTM1Mzg1N2IzOGEyMTZlYSIsInNlclR5cGUiOiJ1c2VyIiwiaWF0IjoxNzQyODQ0MjM5fQ.Tk4YqTT_Gb6jb7Wx9kJSb_GxJnXPori-pbTdByvpuZw,Logged In Successfully,767.4399999999999
FCUserRun1_25,Test@12345,eyJhbGciOiJIUzI1NiIsInR5cCI6IkpXVCJ9.eyJfaWQiOiI2Njk3YzBjN2UzNTM4NTdiMzhhMjE3MjEiLCJsb2dJZCI6IjY2OTdjMGM3ZTM1Mzg1N2IzOGEyMTcxZiIsInNlclR5cGUiOiJ1c2VyIiwiaWF0IjoxNzQyODQ0MjM5fQ.7aHn58K17CDgb2hFH1TU1ki6aNtVciY2w65PxjSzVnc,Logged In Successfully,754.4399999999999
FCUserRun1_26,Test@12345,eyJhbGciOiJIUzI1NiIsInR5cCI6IkpXVCJ9.eyJfaWQiOiI2Njk3YzBjN2UzNTM4NTdiMzhhMjE3MzIiLCJsb2dJZCI6IjY2OTdjMGM3ZTM1Mzg1N2IzOGEyMTcyZiIsInNlclR5cGUiOiJ1c2VyIiwiaWF0IjoxNzQyODQ0MjM5fQ.wCkhgq9Dd8DRvnnzKRs_5om44QDpetDGYsm1ZfEfHgw,Logged In Successfully,776.4399999999999
FCUserRun1_29,Test@12345,NOT_FOUND(token),NOT_FOUND(message),NOT_FOUND(availablePts)
FCUserRun1_28,Test@12345,NOT_FOUND(token),NOT_FOUND(message),NOT_FOUND(availablePts)
FCUserRun1_27,Test@12345,NOT_FOUND(token),NOT_FOUND(message),NOT_FOUND(availablePts)
