FCUserRun1_1,Test@12345,eyJhbGciOiJIUzI1NiIsInR5cCI6IkpXVCJ9.eyJfaWQiOiI2Njk3YzBjMGUzNTM4NTdiMzhhMjExYTQiLCJsb2dJZCI6IjY2OTdjMGMwZTM1Mzg1N2IzOGEyMTFhMiIsInNlclR5cGUiOiJ1c2VyIiwiaWF0IjoxNzQzMTA3ODUzfQ.7OzfRmQZo49HuVugHVLbri-U95Kjadl_1om4RcF_rtc,Logged In Successfully,1865.9800000000112
FCUserRun1_2,Test@12345,eyJhbGciOiJIUzI1NiIsInR5cCI6IkpXVCJ9.eyJfaWQiOiI2Njk3YzBjMWUzNTM4NTdiMzhhMjExZTIiLCJsb2dJZCI6IjY2OTdjMGMxZTM1Mzg1N2IzOGEyMTFlMCIsInNlclR5cGUiOiJ1c2VyIiwiaWF0IjoxNzQzMTA3ODUzfQ.ew3iz-7U50n1KNHeCtC0ua2VfpC8NxnhEYNhFGqN9sE,Logged In Successfully,1558.620000000008
FCUserRun1_3,Test@12345,eyJhbGciOiJIUzI1NiIsInR5cCI6IkpXVCJ9.eyJfaWQiOiI2Njk3YzBjMWUzNTM4NTdiMzhhMjEyMGEiLCJsb2dJZCI6IjY2OTdjMGMxZTM1Mzg1N2IzOGEyMTIwOCIsInNlclR5cGUiOiJ1c2VyIiwiaWF0IjoxNzQzMTA3ODU0fQ.bOy5FINKSr8MLGVV65pNVewPjvpriHpVTbXcrjDqGIw,Logged In Successfully,1559.1800000000085
FCUserRun1_4,Test@12345,eyJhbGciOiJIUzI1NiIsInR5cCI6IkpXVCJ9.eyJfaWQiOiI2Njk3YzBjMWUzNTM4NTdiMzhhMjEyNWIiLCJsb2dJZCI6IjY2OTdjMGMxZTM1Mzg1N2IzOGEyMTI1OSIsInNlclR5cGUiOiJ1c2VyIiwiaWF0IjoxNzQzMTA3ODU1fQ.ClfKdvv1NEVk36k7E0lIX00r2TWEj0Fmn21rKLPvuBY,Logged In Successfully,1558.6400000000083
FCUserRun1_5,Test@12345,eyJhbGciOiJIUzI1NiIsInR5cCI6IkpXVCJ9.eyJfaWQiOiI2Njk3YzBjMmUzNTM4NTdiMzhhMjEyODQiLCJsb2dJZCI6IjY2OTdjMGMyZTM1Mzg1N2IzOGEyMTI4MiIsInNlclR5cGUiOiJ1c2VyIiwiaWF0IjoxNzQzMTA3ODU2fQ.w4P151aOgcmcVYkDN2V9DcYizyuZdDZZOiuq4-u_2hY,Logged In Successfully,1567.1800000000085
FCUserRun1_6,Test@12345,eyJhbGciOiJIUzI1NiIsInR5cCI6IkpXVCJ9.eyJfaWQiOiI2Njk3YzBjMmUzNTM4NTdiMzhhMjEyZmIiLCJsb2dJZCI6IjY2OTdjMGMyZTM1Mzg1N2IzOGEyMTJmNSIsInNlclR5cGUiOiJ1c2VyIiwiaWF0IjoxNzQzMTA3ODU2fQ.DG0Akx1El8drFlRngHwiPUMRJ0qEgJ9RqyBDbItPo4w,Logged In Successfully,1550.7800000000082
FCUserRun1_7,Test@12345,eyJhbGciOiJIUzI1NiIsInR5cCI6IkpXVCJ9.eyJfaWQiOiI2Njk3YzBjMmUzNTM4NTdiMzhhMjEyZGYiLCJsb2dJZCI6IjY2OTdjMGMyZTM1Mzg1N2IzOGEyMTJkZCIsInNlclR5cGUiOiJ1c2VyIiwiaWF0IjoxNzQzMTA3ODU3fQ.wh4i19ZzmvqJ_cbxKGtGUCyPuKH4sgCyECM6a72yokw,Logged In Successfully,1522.8400000000079
FCUserRun1_8,Test@12345,eyJhbGciOiJIUzI1NiIsInR5cCI6IkpXVCJ9.eyJfaWQiOiI2Njk3YzBjMmUzNTM4NTdiMzhhMjEzMzkiLCJsb2dJZCI6IjY2OTdjMGMyZTM1Mzg1N2IzOGEyMTMzMyIsInNlclR5cGUiOiJ1c2VyIiwiaWF0IjoxNzQzMTA3ODU4fQ.SaSU3K2sB9pSSAWrX3IuohybpUNEsGNxRaHQW6Bjiaw,Logged In Successfully,1496.5800000000074
FCUserRun1_10,Test@12345,eyJhbGciOiJIUzI1NiIsInR5cCI6IkpXVCJ9.eyJfaWQiOiI2Njk3YzBjM2UzNTM4NTdiMzhhMjEzYzMiLCJsb2dJZCI6IjY2OTdjMGMzZTM1Mzg1N2IzOGEyMTNjMCIsInNlclR5cGUiOiJ1c2VyIiwiaWF0IjoxNzQzMTA3ODU5fQ.OjKF8q2Mz7ZLaG4kDlft5AflcKIp1ehFtwhBS9bX7XY,Logged In Successfully,1450.5600000000068
FCUserRun1_9,Test@12345,eyJhbGciOiJIUzI1NiIsInR5cCI6IkpXVCJ9.eyJfaWQiOiI2Njk3YzBjM2UzNTM4NTdiMzhhMjEzOTIiLCJsb2dJZCI6IjY2OTdjMGMzZTM1Mzg1N2IzOGEyMTM4MiIsInNlclR5cGUiOiJ1c2VyIiwiaWF0IjoxNzQzMTA3ODU5fQ.LIdGL11FqDddElovgwxncc4hF4qyLzkMbgLiABx-sbY,Logged In Successfully,1511.680000000007
FCUserRun1_11,Test@12345,eyJhbGciOiJIUzI1NiIsInR5cCI6IkpXVCJ9.eyJfaWQiOiI2Njk3YzBjM2UzNTM4NTdiMzhhMjEzYmIiLCJsb2dJZCI6IjY2OTdjMGMzZTM1Mzg1N2IzOGEyMTNiNiIsInNlclR5cGUiOiJ1c2VyIiwiaWF0IjoxNzQzMTA3ODYwfQ.pL5Y8vup8VwNpA0wrt2Eh0jcEmFhdVxr9LIv5LFP2j8,Logged In Successfully,1008.6799999999998
FCUserRun1_12,Test@12345,eyJhbGciOiJIUzI1NiIsInR5cCI6IkpXVCJ9.eyJfaWQiOiI2Njk3YzBjM2UzNTM4NTdiMzhhMjE0MGEiLCJsb2dJZCI6IjY2OTdjMGMzZTM1Mzg1N2IzOGEyMTQwOCIsInNlclR5cGUiOiJ1c2VyIiwiaWF0IjoxNzQzMTA3ODYxfQ.u26L6hh24BU-L1Ec-LjbA4v1-HQvCWlOGrGqeeNpq1o,Logged In Successfully,913.3
FCUserRun1_13,Test@12345,eyJhbGciOiJIUzI1NiIsInR5cCI6IkpXVCJ9.eyJfaWQiOiI2Njk3YzBjNGUzNTM4NTdiMzhhMjE0OGMiLCJsb2dJZCI6IjY2OTdjMGM0ZTM1Mzg1N2IzOGEyMTQ4NyIsInNlclR5cGUiOiJ1c2VyIiwiaWF0IjoxNzQzMTA3ODYxfQ.DPXQ_TBDnsz8HWY17W2DF3iGpgw1o5_QEqBAtFqziGM,Logged In Successfully,940.7199999999997
FCUserRun1_14,Test@12345,eyJhbGciOiJIUzI1NiIsInR5cCI6IkpXVCJ9.eyJfaWQiOiI2Njk3YzBjNGUzNTM4NTdiMzhhMjE0YjgiLCJsb2dJZCI6IjY2OTdjMGM0ZTM1Mzg1N2IzOGEyMTRiMyIsInNlclR5cGUiOiJ1c2VyIiwiaWF0IjoxNzQzMTA3ODYyfQ.8pBa0BZto2oSGCyBuCh0mL-tWzsnXnk6DXNlVFuj5yE,Logged In Successfully,932.1199999999999
FCUserRun1_15,Test@12345,eyJhbGciOiJIUzI1NiIsInR5cCI6IkpXVCJ9.eyJfaWQiOiI2Njk3YzBjNGUzNTM4NTdiMzhhMjE0Y2UiLCJsb2dJZCI6IjY2OTdjMGM0ZTM1Mzg1N2IzOGEyMTRjMyIsInNlclR5cGUiOiJ1c2VyIiwiaWF0IjoxNzQzMTA3ODYzfQ.o9GWUNdmco5u55Dlh3i7oLWRJhAT74qWanD35KbqVjY,Logged In Successfully,949.04
FCUserRun1_16,Test@12345,eyJhbGciOiJIUzI1NiIsInR5cCI6IkpXVCJ9.eyJfaWQiOiI2Njk3YzBjNGUzNTM4NTdiMzhhMjE0ZTEiLCJsb2dJZCI6IjY2OTdjMGM0ZTM1Mzg1N2IzOGEyMTRkNiIsInNlclR5cGUiOiJ1c2VyIiwiaWF0IjoxNzQzMTA3ODYzfQ.2q6_z2re8L1WaRmdxeVUS-ILeEIqyE0ybDcm_SYVCX4,Logged In Successfully,945.2399999999998
FCUserRun1_17,Test@12345,eyJhbGciOiJIUzI1NiIsInR5cCI6IkpXVCJ9.eyJfaWQiOiI2Njk3YzBjNWUzNTM4NTdiMzhhMjE1MjEiLCJsb2dJZCI6IjY2OTdjMGM1ZTM1Mzg1N2IzOGEyMTUxYiIsInNlclR5cGUiOiJ1c2VyIiwiaWF0IjoxNzQzMTA3ODY0fQ.Maagsb3ADb2Hkyfo92kM-ZlHsjuEB6K0bP-3A33A6tQ,Logged In Successfully,940.12
FCUserRun1_18,Test@12345,eyJhbGciOiJIUzI1NiIsInR5cCI6IkpXVCJ9.eyJfaWQiOiI2Njk3YzBjNWUzNTM4NTdiMzhhMjE1YjkiLCJsb2dJZCI6IjY2OTdjMGM1ZTM1Mzg1N2IzOGEyMTViNyIsInNlclR5cGUiOiJ1c2VyIiwiaWF0IjoxNzQzMTA3ODY1fQ.emZWZVHH_FvaiB82DJ2KzYAbofoLillnBgMmfAnw6X0,Logged In Successfully,922.4799999999999
FCUserRun1_19,Test@12345,eyJhbGciOiJIUzI1NiIsInR5cCI6IkpXVCJ9.eyJfaWQiOiI2Njk3YzBjNmUzNTM4NTdiMzhhMjE1ZWQiLCJsb2dJZCI6IjY2OTdjMGM2ZTM1Mzg1N2IzOGEyMTVlYiIsInNlclR5cGUiOiJ1c2VyIiwiaWF0IjoxNzQzMTA3ODY2fQ.IYX1Fu1QpVH3lbWKqIV3IHRc2rt_-ofQZCJx2ViiE00,Logged In Successfully,936.8799999999999
FCUserRun1_20,Test@12345,eyJhbGciOiJIUzI1NiIsInR5cCI6IkpXVCJ9.eyJfaWQiOiI2Njk3YzBjNmUzNTM4NTdiMzhhMjE2MTMiLCJsb2dJZCI6IjY2OTdjMGM2ZTM1Mzg1N2IzOGEyMTYwNyIsInNlclR5cGUiOiJ1c2VyIiwiaWF0IjoxNzQzMTA3ODY2fQ.w5c-S31xZd6hoBpB5xsbt85KSbhERelIG8d5dJDyPts,Logged In Successfully,911.2799999999999
FCUserRun1_21,Test@12345,eyJhbGciOiJIUzI1NiIsInR5cCI6IkpXVCJ9.eyJfaWQiOiI2Njk3YzBjNmUzNTM4NTdiMzhhMjE2MGUiLCJsb2dJZCI6IjY2OTdjMGM2ZTM1Mzg1N2IzOGEyMTYwNSIsInNlclR5cGUiOiJ1c2VyIiwiaWF0IjoxNzQzMTA3ODY3fQ.YCbhHgsk-s0EunWg8j16WxPFNZfuYrnMhNfzuY7_BgM,Logged In Successfully,895.3999999999999
FCUserRun1_22,Test@12345,eyJhbGciOiJIUzI1NiIsInR5cCI6IkpXVCJ9.eyJfaWQiOiI2Njk3YzBjNmUzNTM4NTdiMzhhMjE2MWQiLCJsb2dJZCI6IjY2OTdjMGM2ZTM1Mzg1N2IzOGEyMTYxOCIsInNlclR5cGUiOiJ1c2VyIiwiaWF0IjoxNzQzMTA3ODY4fQ.EYSPN7PAo2BqVcYuMwBjukWyg3Bns8zXw44pa8EbFD8,Logged In Successfully,916.6
FCUserRun1_23,Test@12345,eyJhbGciOiJIUzI1NiIsInR5cCI6IkpXVCJ9.eyJfaWQiOiI2Njk3YzQzNWUzNTM4NTdiMzhhMzAyMGYiLCJsb2dJZCI6IjY2OTdjNDM1ZTM1Mzg1N2IzOGEzMDIwZCIsInNlclR5cGUiOiJ1c2VyIiwiaWF0IjoxNzQzMTA3ODY5fQ.XwEFhQVxJc3Gvxfx1j_J43eQ6StKpx8Wj2-hwlhACU8,Logged In Successfully,916.3599999999999
FCUserRun1_24,Test@12345,eyJhbGciOiJIUzI1NiIsInR5cCI6IkpXVCJ9.eyJfaWQiOiI2Njk3YzBjN2UzNTM4NTdiMzhhMjE2ZWMiLCJsb2dJZCI6IjY2OTdjMGM3ZTM1Mzg1N2IzOGEyMTZlYSIsInNlclR5cGUiOiJ1c2VyIiwiaWF0IjoxNzQzMTA3ODY5fQ.qNy_9iLtNWkSvI9GTektRrZAQZBbI9_1AAysOgB-1vU,Logged In Successfully,909.54
FCUserRun1_25,Test@12345,eyJhbGciOiJIUzI1NiIsInR5cCI6IkpXVCJ9.eyJfaWQiOiI2Njk3YzBjN2UzNTM4NTdiMzhhMjE3MjEiLCJsb2dJZCI6IjY2OTdjMGM3ZTM1Mzg1N2IzOGEyMTcxZiIsInNlclR5cGUiOiJ1c2VyIiwiaWF0IjoxNzQzMTA3ODcwfQ.DkCs82iWu6RnRDkQpfK8WDFQZVv5gkC_AmrNYS0woGs,Logged In Successfully,887.72
FCUserRun1_26,Test@12345,eyJhbGciOiJIUzI1NiIsInR5cCI6IkpXVCJ9.eyJfaWQiOiI2Njk3YzBjN2UzNTM4NTdiMzhhMjE3MzIiLCJsb2dJZCI6IjY2OTdjMGM3ZTM1Mzg1N2IzOGEyMTcyZiIsInNlclR5cGUiOiJ1c2VyIiwiaWF0IjoxNzQzMTA3ODcxfQ.jODemeH5tOAd4zT0Fk843so2DS3HSBhOoCXQSE74yps,Logged In Successfully,907.7600000000001
FCUserRun1_27,Test@12345,eyJhbGciOiJIUzI1NiIsInR5cCI6IkpXVCJ9.eyJfaWQiOiI2Njk3YzBjN2UzNTM4NTdiMzhhMjE3NDYiLCJsb2dJZCI6IjY2OTdjMGM3ZTM1Mzg1N2IzOGEyMTczZCIsInNlclR5cGUiOiJ1c2VyIiwiaWF0IjoxNzQzMTA3ODcxfQ.c2C3lUB3n2EPPYuuCe2Yqu1ucXZHkjTzF8wOBK0SPIw,Logged In Successfully,923.74
FCUserRun1_28,Test@12345,eyJhbGciOiJIUzI1NiIsInR5cCI6IkpXVCJ9.eyJfaWQiOiI2Njk3YzBjN2UzNTM4NTdiMzhhMjE3NmEiLCJsb2dJZCI6IjY2OTdjMGM3ZTM1Mzg1N2IzOGEyMTc2NSIsInNlclR5cGUiOiJ1c2VyIiwiaWF0IjoxNzQzMTA3ODcyfQ.uJwUOrninUT2z92X0fwXJhXBNthJUxsF632Dl7mX5Y0,Logged In Successfully,955.5799999999999
FCUserRun1_29,Test@12345,eyJhbGciOiJIUzI1NiIsInR5cCI6IkpXVCJ9.eyJfaWQiOiI2Njk3YzBjOGUzNTM4NTdiMzhhMjE4MWQiLCJsb2dJZCI6IjY2OTdjMGM4ZTM1Mzg1N2IzOGEyMTgwZCIsInNlclR5cGUiOiJ1c2VyIiwiaWF0IjoxNzQzMTA3ODczfQ.ccC_SjyvtCNVoxSRnUI9dHQr7bU-ubhdhekbZ8Gv7xI,Logged In Successfully,889.8600000000001
FCUserRun1_30,Test@12345,eyJhbGciOiJIUzI1NiIsInR5cCI6IkpXVCJ9.eyJfaWQiOiI2Njk3YzBjOWUzNTM4NTdiMzhhMjE4ODEiLCJsb2dJZCI6IjY2OTdjMGM5ZTM1Mzg1N2IzOGEyMTg3ZCIsInNlclR5cGUiOiJ1c2VyIiwiaWF0IjoxNzQzMTA3ODc0fQ.U6LCxu-gIwUfjN3Yit2Gt0oFO7tjgvB3ppK8IlQnsZk,Logged In Successfully,864.8200000000002
FCUserRun1_31,Test@12345,eyJhbGciOiJIUzI1NiIsInR5cCI6IkpXVCJ9.eyJfaWQiOiI2Njk3YzBjOGUzNTM4NTdiMzhhMjE4NzIiLCJsb2dJZCI6IjY2OTdjMGM4ZTM1Mzg1N2IzOGEyMTg3MCIsInNlclR5cGUiOiJ1c2VyIiwiaWF0IjoxNzQzMTA3ODc0fQ.W2TiRKxcvKR29tVSay1DighuDLY4_q-HQsqJmHR7Ee8,Logged In Successfully,847.06
FCUserRun1_32,Test@12345,eyJhbGciOiJIUzI1NiIsInR5cCI6IkpXVCJ9.eyJfaWQiOiI2Njk3YzBjOWUzNTM4NTdiMzhhMjE4OTUiLCJsb2dJZCI6IjY2OTdjMGM5ZTM1Mzg1N2IzOGEyMTg4YiIsInNlclR5cGUiOiJ1c2VyIiwiaWF0IjoxNzQzMTA3ODc1fQ.AiqbkGCGBiYM22qhdb9F1wUcmePMmqul8WHLHDbI3jk,Logged In Successfully,892.02
FCUserRun1_33,Test@12345,eyJhbGciOiJIUzI1NiIsInR5cCI6IkpXVCJ9.eyJfaWQiOiI2Njk3YzBjOWUzNTM4NTdiMzhhMjE4OGYiLCJsb2dJZCI6IjY2OTdjMGM5ZTM1Mzg1N2IzOGEyMTg4OCIsInNlclR5cGUiOiJ1c2VyIiwiaWF0IjoxNzQzMTA3ODc2fQ.hR84YaF3xuGOnW-CrUB5PzlxLc_Klci27p6ptS3G2H0,Logged In Successfully,878.1
FCUserRun1_34,Test@12345,NOT_FOUND(token),NOT_FOUND(message),NOT_FOUND(availablePts)
